renderer,source,case,passed,full_step_count,up_target_at_step_m,up_camera_peak_m,down_body_peak_m,down_target_peak_m,down_camera_peak_m,grounded_capsule_gap_m,jump_excursion_m,spring_min_m,settled_offset_m,origin_physics_camera_peak_m,origin_render_camera_peak_m,native_fps_median,engine_delta_fps_median,captured_fps_median,native_interval_p95_ms,native_interval_max_ms,engine_delta_interval_max_ms
gl_compatibility,baseline,30cap-0.65-straight,False,0,0,0.01859974861144975,0.0611110962927342,0.06215214729308993,0.07876086235046031,0.0430798530578613,0.9593865480273965,4.50703096389771,0.0,2.694731047318643,1.7649417471109992e-05,30.172738930376408,30.00000000000003,30.344409042633895,35.849,1675.768,150.0
gl_compatibility,baseline,30cap-0.65-diagonal,False,3,0.07333624362946001,0.12682580947876065,0.07222219556570057,0.07304251194,0.09078598022461026,0.0102550983428955,0.9500001892447475,4.86210918426514,0.0,1.7710059755387324,1.90887539095936e-05,30.1659125188537,30.00000000000003,30.59039461609055,37.043,1622.872,150.0
gl_compatibility,baseline,30cap-1.5-straight,False,0,0,0.018863677978510296,0.0611110962927342,0.06215214729308993,0.07876086235046031,0.0430798530578613,0.9597294004634022,4.50703096389771,0.0,2.694731047318643,1.2406932741280381e-05,30.123657614507554,30.00000000000003,30.578701934102895,36.711,1563.781,150.0
gl_compatibility,baseline,30cap-1.5-diagonal,False,3,0.07259821891784002,0.14379668235778986,0.07222217321395896,0.07163429260253995,0.08449673652647993,0.0384060740470886,0.950000248849392,4.86210918426514,0.0,1.7736414720762683,1.8597031247055993e-05,30.13001099745402,30.00000000000003,30.297980639590374,39.663,1573.374,148.730333333333
gl_compatibility,baseline,60cap-0.65-straight,False,0,0,0.018925428390500265,0.0611110962927342,0.06068658828734996,0.07804012298583984,0.0430798530578613,0.9593865480273965,4.4384765625,0.0,2.763286600336764,1.4313059913893386e-05,32.64559937320449,32.72727272727268,33.042558815754695,34.444,1550.722,143.289333333333
gl_compatibility,baseline,60cap-0.65-diagonal,False,3,0.07276177406310991,0.14379668235778986,0.07222219556570057,0.07254362106322998,0.09028720855713024,0.0102550983428955,0.9500001892447475,4.86210918426514,0.0,1.838679096888371,1.5300176784903976e-05,32.79441183222379,32.72727272727268,32.89906566653507,35.585,1602.957,148.607
gl_compatibility,baseline,60cap-1.5-straight,False,0,0,0.018863677978510296,0.0611110962927342,0.06225800514221014,0.07804012298583984,0.0430798530578613,0.9597294004634022,4.50703096389771,0.0,2.694731047318643,1.2406932741280381e-05,30.712059090001684,31.304347826087,30.98565364236359,36.491,1541.293,150.0
gl_compatibility,baseline,60cap-1.5-diagonal,False,3,0.07333624362946001,0.12081575393677024,0.07222217321395896,0.07194042205810014,0.08449673652647993,0.0384060740470886,0.950000248849392,4.86210918426514,0.0,1.7736414720762683,1.8126477102635067e-05,31.672631678966205,31.462041047476355,32.02049311559398,37.273,1559.481,149.907333333333
gl_compatibility,baseline,120cap-0.65-straight,False,0,0,0.01889014244078968,0.0611110962927342,0.06225800514221014,0.07876086235046031,0.0430798530578613,0.9593865480273965,4.50703096389771,0.0,2.69473138449327,1.1446575127432471e-05,31.5746266300401,31.304347826087,31.753087987806815,35.723,1612.329,149.637333333333
gl_compatibility,baseline,120cap-0.65-diagonal,False,3,0.07278013229370028,0.11642169952391956,0.07222217321395896,0.07163429260253995,0.08449673652647993,0.0384060740470886,0.950000248849392,4.86210918426514,0.0,1.7736414720762683,1.8126477102635067e-05,32.35198964736331,32.30769230769226,32.52878797735997,37.28,1588.88,150.0
gl_compatibility,baseline,120cap-1.5-straight,False,0,0,0.018925428390500265,0.0611110962927342,0.06215214729308993,0.07804012298583984,0.0430798530578613,0.9593865480273965,4.4384765625,0.0,2.763286600336764,1.4313059913893386e-05,30.821865031053026,30.915086562242344,31.042885746659014,36.897,1573.794,150.0
gl_compatibility,baseline,120cap-1.5-diagonal,False,3,0.07333624362946001,0.12237739562988015,0.07222217321395896,0.07163429260253995,0.08523035049437988,0.0384060740470886,0.950000248849392,4.86210918426514,0.0,1.7736414720762683,1.8126477102635067e-05,31.34304967873374,31.304347826087,31.753592125109154,36.481,1537.219,144.55633333333301
gl_compatibility,candidate,30cap-0.65-straight,True,3,0.0733773708343497,0.13172483444214,0.0611110962927342,0.06191825866698997,0.07799553871153986,0.0430798530578613,0.9500002488493915,4.50703096389771,0.0,0.0017516616738525975,0.0017482254920893768,30.098723814110286,30.00000000000003,30.395136778115504,35.677,1564.723,147.403333333333
gl_compatibility,candidate,30cap-0.65-diagonal,True,3,0.07268023490906028,0.1369433403015199,0.07222219556570057,0.07259893417358998,0.09034252166748002,0.0217114090919495,0.9500001892447474,4.86210918426514,0.0,1.2402923136729945e-05,1.8612307900524576e-05,30.179568432171422,30.00000000000003,30.316810671517356,37.915,1562.226,150.0
gl_compatibility,candidate,30cap-1.5-straight,True,3,0.07222461700439009,0.1256132125854501,0.0611110962927342,0.06180524826049982,0.07786273956299006,0.0430798530578613,0.9500001892447468,4.50703096389771,0.0,0.0017523695498036789,0.0017486859078164826,30.256270612084354,30.00000000000003,30.440473653770052,35.958,1548.936,150.0
gl_compatibility,candidate,30cap-1.5-diagonal,True,3,0.07323288917541992,0.13163185119628995,0.07222219556570057,0.07259893417358998,0.09034252166748002,0.0217114090919495,0.9500001892447474,4.86210918426514,0.0,1.0813274832542342e-05,1.6232173513609578e-05,29.97017967122713,30.00000000000003,30.08423586040915,39.397,1580.295,150.0
gl_compatibility,candidate,60cap-0.65-straight,True,3,0.0729839801788299,0.13625288009644,0.0611110962927342,0.06157910823821999,0.07932186126708984,0.0430798530578613,0.9500001892447468,4.4384765625,0.0,7.644281168105486e-06,1.3385456984764716e-05,33.31723000549734,33.0,33.47056264015798,34.888,1544.551,142.851333333333
gl_compatibility,candidate,60cap-0.65-diagonal,True,3,0.07323884963989036,0.1369433403015199,0.07222219556570057,0.07259893417358998,0.09034252166748002,0.0217114090919495,0.9500001892447474,4.86210918426514,0.0,1.0813274832542342e-05,1.6232173513609578e-05,32.757886461165526,32.72727272727268,33.06386285109689,36.857,1575.536,150.0
gl_compatibility,candidate,60cap-1.5-straight,True,3,0.07194614410401012,0.12775516510010032,0.0611110962927342,0.06191825866698997,0.07900667190551003,0.0430798530578613,0.9500002488493915,4.43671846389771,0.0,6.675720219284642e-06,1.1454021704815854e-05,31.657591490439405,31.428571428571445,31.712305960327907,35.866,1617.67,143.549333333333
gl_compatibility,candidate,60cap-1.5-diagonal,True,3,0.07399392127990989,0.12025213241576971,0.07222219556570057,0.07259893417358998,0.09034252166748002,0.0217114090919495,0.9500001892447474,4.86210918426514,0.0,1.2402923136729945e-05,1.8612307900524576e-05,31.627553924979445,31.304347826087,31.882671767894152,37.083,1600.347,150.0
gl_compatibility,candidate,120cap-0.65-straight,True,3,0.07233667373657005,0.13210916519164995,0.0611110962927342,0.06170749664306996,0.07869291305541992,0.0430798530578613,0.9500001892447468,4.50703096389771,0.0,0.0017523695498036789,0.0017486859078164826,32.328979697400754,32.30769230769226,32.732152793689245,35.247,1566.451,147.68733333333302
gl_compatibility,candidate,120cap-0.65-diagonal,True,3,0.07268023490905007,0.12276268005371005,0.07222219556570057,0.07289302349090998,0.09063625335693004,0.0217114090919495,0.9500001892447474,4.86210918426514,0.0,1.0649733864343718e-05,1.7655857637333804e-05,33.11258278145696,33.333333333333336,33.33666700003334,35.022,1627.75,150.0
gl_compatibility,candidate,120cap-1.5-straight,True,3,0.07194614410400035,0.1298918724060103,0.0611110962927342,0.06180524826049982,0.07786273956299006,0.0430798530578613,0.9500001892447468,4.50703096389771,0.0,0.0017523695498036789,0.0017486859078164826,31.208064163779923,31.304347826087,31.423812965465228,37.635,1593.447,150.0
gl_compatibility,candidate,120cap-1.5-diagonal,True,3,0.07268047332764027,0.1369433403015199,0.07222219556570057,0.07289302349090998,0.09063625335693004,0.0217114090919495,0.9500001892447474,4.86210918426514,0.0,1.1786658376349929e-05,1.7678781847550805e-05,31.259768677711786,30.36099219722501,31.322433126605276,37.773,1540.93,150.0
forward_plus,baseline,30cap-0.65-straight,False,0,0,0.018749713897700193,0.0611110962927342,0.06205534934998003,0.07869911193848012,0.0430798530578613,0.9593865480273965,4.4384765625,0.0,2.763286600336764,2.098625292230657e-05,26.58089896600303,27.000000000000025,26.970898400625725,43.443,5771.995,143.38500000000002
forward_plus,baseline,30cap-0.65-diagonal,False,3,0.07292032241820978,0.14379668235778986,0.07222217321395896,0.07170677185058016,0.08523035049437988,0.0384060740470886,0.950000248849392,4.86210918426514,0.0,1.7736414720762683,1.8597031247055993e-05,26.601050741504288,26.25994694960211,26.67520273154076,43.619,5742.825,150.0
forward_plus,baseline,30cap-1.5-straight,False,0,0,0.018863677978510296,0.0611110962927342,0.06313228607178001,0.07876086235046031,0.0430798530578613,0.9597294004634022,4.50703096389771,0.0,2.694730923903974,1.4799246419301722e-05,25.620660500627707,26.086956521739154,25.633795596113913,46.68,5790.978,150.0
forward_plus,baseline,30cap-1.5-diagonal,False,3,0.07406187057495006,0.09180545806885032,0.07222219556570057,0.07367873191834007,0.09142208099365012,0.0102550983428955,0.9500001892447475,4.86210918426514,0.0,1.9072314364347123,1.5259254714021546e-05,24.909702329057165,25.0,25.11868579035945,46.922,5761.965,150.0
forward_plus,baseline,60cap-0.65-straight,False,0,0,0.018863677978510296,0.0611110962927342,0.06225800514221014,0.07804012298583984,0.0430798530578613,0.9597294004634022,4.50703096389771,0.0,2.69473138449327,1.1446575127432471e-05,26.74297328376969,26.9393766064985,27.119379508596843,43.088,5802.4,150.0
forward_plus,baseline,60cap-0.65-diagonal,False,3,0.07406187057495006,0.12931966781616033,0.07222217321395896,0.07194042205810014,0.08523035049437988,0.0384060740470886,0.950000248849392,4.86210918426514,0.0,1.7736414720762683,1.8597031247055993e-05,26.51535238903325,26.536461097548028,26.72046386725274,44.359,5734.504,150.0
forward_plus,baseline,60cap-1.5-straight,False,0,0,0.01889014244078968,0.0611110962927342,0.06313228607178001,0.07876086235046031,0.0430798530578613,0.9593865480273965,4.50703096389771,0.0,2.69473138449327,1.1454021669518906e-05,25.648259765574906,26.220649260733904,25.578064252097402,45.807,5804.642,147.771666666667
forward_plus,baseline,60cap-1.5-diagonal,False,3,0.07318520545960006,0.14379668235778986,0.07222217321395896,0.07194042205810014,0.08449673652647993,0.0384060740470886,0.950000248849392,4.86210918426514,0.0,1.8421941867309515,2.19477867312413e-05,25.245831282109542,25.384615384615383,25.469595670168733,45.672,5749.692,150.0
forward_plus,baseline,120cap-0.65-straight,False,0,0,0.01889014244078968,0.0611110962927342,0.06215214729308993,0.07804012298583984,0.0430798530578613,0.9597294004634022,4.4384765625,0.0,2.763286600336764,2.098625292230657e-05,26.616981634282673,26.666666666666668,26.976719091424098,43.525,5729.131,144.705
forward_plus,baseline,120cap-0.65-diagonal,False,3,0.07333624362946001,0.12812757492065963,0.07222219556570057,0.07237124443054,0.09011459350586026,0.0102550983428955,0.9500001892447475,4.86210918426514,0.0,1.8386794456706288,2.2431944952983824e-05,26.60458929165281,26.483128775684953,26.714753222467102,44.261,5762.705,145.27833333333302
forward_plus,baseline,120cap-1.5-straight,False,0,0,0.01889014244078968,0.0611110962927342,0.06225800514221014,0.07804012298583984,0.0430798530578613,0.9597294004634022,4.4384765625,0.0,2.7632860163328967,1.337058542986367e-05,25.425237090335866,25.714285714285708,25.42782312406235,46.066,5730.644,150.0
forward_plus,baseline,120cap-1.5-diagonal,False,3,0.07333624362946001,0.12838792800903942,0.07222219556570057,0.07367873191834007,0.09142208099365012,0.0102550983428955,0.9500001892447475,4.86210918426514,0.0,1.907233492409508,1.8120204152174515e-05,25.42329791020491,25.384615384615383,25.37105163009007,46.509,5738.09,150.0
forward_plus,candidate,30cap-0.65-straight,True,3,0.07387709617614968,0.12267589569091975,0.0611110962927342,0.06170749664306996,0.07932186126708984,0.0430798530578613,0.9500001892447468,4.4384765625,0.0,6.361801182698781e-06,1.7181032459697226e-05,26.69941795268863,26.666666666666668,26.977446854429697,43.925,5705.062,150.0
forward_plus,candidate,30cap-0.65-diagonal,True,3,0.07163739204407005,0.12818813323974965,0.07222219556570057,0.07290422916412997,0.09064769744873002,0.0217114090919495,0.9500001892447474,4.86210918426514,0.0,9.751873646113634e-06,1.527368295310863e-05,26.479193973335448,26.666666666666668,26.53998248361156,44.896,5778.962,150.0
forward_plus,candidate,30cap-1.5-straight,True,3,0.07260692119597989,0.12267589569091975,0.0611110962927342,0.06180524826049982,0.07786273956299006,0.0430798530578613,0.9500001892447468,4.50703096389771,0.0,0.0017523695498036789,0.0017486859078164826,25.048531529839064,24.471417384494913,25.20066025729874,46.637,5819.481,150.0
forward_plus,candidate,30cap-1.5-diagonal,True,3,0.07305932044982999,0.10054016113280984,0.07222219556570057,0.07247209548949995,0.09021520614624023,0.0217114090919495,0.9500001892447474,4.86210918426514,0.0,9.518844975694335e-06,1.669100344275868e-05,25.040691123074996,25.0,25.305244511925096,46.017,5798.011,150.0
forward_plus,candidate,60cap-0.65-straight,True,3,0.07387709617614968,0.12267351150511985,0.0611110962927342,0.061568021774290216,0.07900667190551003,0.0430798530578613,0.9500002488493915,4.50703096389771,0.0,0.0017516616738525975,0.0017482254920893768,26.41100810817949,26.666666666666668,26.798874447273217,44.796,5745.504,150.0
forward_plus,candidate,60cap-0.65-diagonal,True,3,0.07268047332763983,0.12818813323974965,0.07222219556570057,0.07247209548949995,0.09021520614624023,0.0217114090919495,0.9500001892447474,4.86210918426514,0.0,1.1786658376349929e-05,1.7678781847550805e-05,26.836271905106944,26.666666666666668,26.88641832578273,44.153,5721.692,146.144
forward_plus,candidate,60cap-1.5-straight,True,3,0.07387709617614968,0.13683843612671032,0.0611110962927342,0.06191825866698997,0.07900667190551003,0.0430798530578613,0.9500002488493915,4.43671846389771,0.0,6.675720219284642e-06,1.5737432318423612e-05,25.350470251223157,25.714285714285708,25.52843868069029,45.338,5730.717,149.369
forward_plus,candidate,60cap-1.5-diagonal,True,3,0.07268047332763983,0.1369433403015199,0.07222219556570057,0.0727455615997401,0.0904891490936297,0.0217114090919495,0.9500001892447474,4.86210918426514,0.0,1.0598235493542173e-05,1.3830846507909482e-05,25.08182946864144,25.714285714285708,25.4391432096567,47.349,5790.37,142.986
forward_plus,candidate,120cap-0.65-straight,True,3,0.07183456420897993,0.13683843612671032,0.0611110962927342,0.06124043464660023,0.07786273956299006,0.0430798530578613,0.9500001892447468,4.4384765625,0.0,7.644281168105486e-06,2.0039929064757204e-05,26.380351913894533,26.399999999999984,26.63896214603479,44.12,5761.035,149.04
forward_plus,candidate,120cap-0.65-diagonal,True,3,0.07357978820801003,0.12155866622924982,0.07222219556570057,0.07259893417358998,0.09034252166748002,0.0217114090919495,0.9500001892447474,4.86210918426514,0.0,9.751873646113634e-06,2.0041701732870207e-05,26.589733703816957,26.086956521739154,26.73367908891622,43.221,5685.316,150.0
forward_plus,candidate,120cap-1.5-straight,True,3,0.07194614410400968,0.13683843612671032,0.0611110962927342,0.061568021774290216,0.07900667190551003,0.0430798530578613,0.9500002488493915,4.43671846389771,0.0,6.675720219284642e-06,1.5737432318423612e-05,25.062028520588456,25.255182573924042,25.289565525264276,46.68,5775.306,150.0
forward_plus,candidate,120cap-1.5-diagonal,True,3,0.07268047332763983,0.1369433403015199,0.07222219556570057,0.07247209548949995,0.09021520614624023,0.0217114090919495,0.9500001892447474,4.86210918426514,0.0,1.2973564013441089e-05,1.7659479227632886e-05,25.283810775960152,25.263157894736864,25.555186425084973,46.325,5789.319,150.0
