renderer,source,case,passed,full_step_count,up_target_at_step_m,up_camera_peak_m,down_body_peak_m,down_target_peak_m,down_camera_peak_m,grounded_capsule_gap_m,jump_excursion_m,spring_min_m,settled_offset_m,native_fps_median,captured_fps_median,native_interval_p95_ms,native_interval_max_ms
gl_compatibility,baseline,30cap-0.65-straight,False,0,0,0.01859974861144975,0.0611110962927342,0.06215214729308993,0.07876086235046031,0.0430798530578613,0.9597294004634022,4.50703096389771,0.0,30.00000000000003,30.040855563566453,33.3333333333333,150.0
gl_compatibility,baseline,30cap-0.65-diagonal,True,3,0.0727236270904501,0.14379668235778986,0.07222217321395896,0.07194042205810014,0.08449673652647993,0.0384060740470886,0.950000248849392,4.86210918426514,0.0,30.00000000000003,30.049882805457052,33.3333333333333,150.0
gl_compatibility,baseline,30cap-1.5-straight,False,0,0,0.01889014244078968,0.0611110962927342,0.06215214729308993,0.07876086235046031,0.0430798530578613,0.9593865480273965,4.50703096389771,0.0,30.00000000000003,30.032735681893268,33.3333333333333,145.60600000000002
gl_compatibility,baseline,30cap-1.5-diagonal,True,3,0.07333624362946001,0.12723684310912997,0.07222219556570057,0.07304251194,0.09078598022461026,0.0102550983428955,0.9500001892447475,4.86210918426514,0.0,30.00000000000003,30.04943131451238,33.3333333333333,150.0
gl_compatibility,baseline,60cap-0.65-straight,False,0,0,0.018925428390500265,0.0611110962927342,0.06068658828734996,0.07804012298583984,0.0430798530578613,0.9597294004634022,4.50703096389771,0.0,52.50000000000013,52.18117303276977,21.738,150.0
gl_compatibility,baseline,60cap-0.65-diagonal,True,3,0.0733592510223402,0.10179376602172985,0.07222217321395896,0.07192707061767001,0.08473134040831987,0.0384060740470886,0.950000248849392,4.86210918426514,0.0,53.333333333333336,53.51600128438403,21.2121212121212,150.0
gl_compatibility,baseline,60cap-1.5-straight,False,0,0,0.018925428390500265,0.0611110962927342,0.06137967109679998,0.07853293418884011,0.0430798530578613,0.9597294004634022,4.50703096389771,0.0,50.76923076923077,50.17057997190448,24.4886666666667,150.0
gl_compatibility,baseline,60cap-1.5-diagonal,True,3,0.07334232330321999,0.10528945922850985,0.07222217321395896,0.07194042205810014,0.08473134040831987,0.0384060740470886,0.950000248849392,4.86210918426514,0.0,51.428571428571544,50.94762584063582,22.7272727272727,146.89133333333302
gl_compatibility,baseline,120cap-0.65-straight,False,0,0,0.018627405166620203,0.0611110962927342,0.06137967109679998,0.07853293418884011,0.0430798530578613,0.9597294004634022,4.50703096389771,0.0,51.2952038984355,50.748540979446844,21.753999999999998,146.055666666667
gl_compatibility,baseline,120cap-0.65-diagonal,True,3,0.07330656051634987,0.09505796432494984,0.07222217321395896,0.07192707061767001,0.08473134040831987,0.0384060740470886,0.950000248849392,4.86210918426514,0.0,53.34471353888829,53.067289322861384,21.272,148.53
gl_compatibility,baseline,120cap-1.5-straight,False,0,0,0.0185966491699201,0.0611110962927342,0.06137967109679998,0.07853293418884011,0.0430798530578613,0.9597294004634022,4.50703096389771,0.0,50.0,50.51142821063266,22.2222222222222,148.553666666667
gl_compatibility,baseline,120cap-1.5-diagonal,True,3,0.07238364219665994,0.09917831420897993,0.07222219556570057,0.07230901718139005,0.0900521278381401,0.0102550983428955,0.9500001892447475,4.86210918426514,0.0,50.0,50.043788314775426,24.424999999999997,150.0
gl_compatibility,candidate,30cap-0.65-straight,True,3,0.07222461700439009,0.12267589569091975,0.0611110962927342,0.06191825866698997,0.07799553871153986,0.0430798530578613,0.9500002488493915,4.50703096389771,0.0,30.00000000000003,30.012004801920767,33.3333333333333,143.07966666666698
gl_compatibility,candidate,30cap-0.65-diagonal,True,3,0.07268047332763983,0.1369433403015199,0.07222219556570057,0.07259893417358998,0.09034252166748002,0.0217114090919495,0.9500001892447474,4.86210918426514,0.0,30.00000000000003,30.012004801920767,33.3333333333333,150.0
gl_compatibility,candidate,30cap-1.5-straight,True,3,0.07222461700439009,0.12267351150511985,0.0611110962927342,0.06180524826049982,0.07786273956299006,0.0430798530578613,0.9500001892447468,4.50703096389771,0.0,30.00000000000003,30.076544806532624,33.3333333333333,150.0
gl_compatibility,candidate,30cap-1.5-diagonal,True,3,0.07268047332763983,0.1369433403015199,0.07222219556570057,0.07259893417358998,0.09034252166748002,0.0217114090919495,0.9500001892447474,4.86210918426514,0.0,30.00000000000003,30.106426216675946,33.3333333333333,150.0
gl_compatibility,candidate,60cap-0.65-straight,True,3,0.0730142593383798,0.12267351150511985,0.0611110962927342,0.06142187118530007,0.07862448692320978,0.0430798530578613,0.9500002488493915,4.50703096389771,0.0,50.76923076923077,50.882816872742076,22.2222222222222,147.271666666667
gl_compatibility,candidate,60cap-0.65-diagonal,True,3,0.07287573814392001,0.09975528717041016,0.07222219556570057,0.07247209548949995,0.09021520614624023,0.0217114090919495,0.9500001892447474,4.86210918426514,0.0,50.24873121953671,50.5076013940098,22.516000000000098,145.506
gl_compatibility,candidate,60cap-1.5-straight,True,3,0.07307362556456987,0.12253379821776988,0.0611110962927342,0.06155776977539018,0.07900667190551003,0.0430798530578613,0.9500002488493915,4.50703096389771,0.0,48.00000000000008,48.40739665020815,23.548,147.449333333333
gl_compatibility,candidate,60cap-1.5-diagonal,True,3,0.07278633117676003,0.09975528717041016,0.07222219556570057,0.07254421710967995,0.09028720855713024,0.0217114090919495,0.9500001892447474,4.86210918426514,0.0,49.09090909090902,49.69808413885645,22.712,150.0
gl_compatibility,candidate,120cap-0.65-straight,True,3,0.07283425331115989,0.12253379821776988,0.0611110962927342,0.06142187118530007,0.07862448692320978,0.0430798530578613,0.9500002488493915,4.50703096389771,0.0,51.428571428571544,50.558673340411545,22.2222222222222,150.0
gl_compatibility,candidate,120cap-0.65-diagonal,True,3,0.07362580299377974,0.09975528717041016,0.07222219556570057,0.07254421710967995,0.09028720855713024,0.0217114090919495,0.9500001892447474,4.86210918426514,0.0,50.76923076923077,51.16398055768738,22.9166666666667,147.175666666667
gl_compatibility,candidate,120cap-1.5-straight,True,3,0.07314443588257014,0.12253379821776988,0.0611110962927342,0.061568021774290216,0.07862448692320978,0.0430798530578613,0.9500002488493915,4.43671846389771,0.0,51.428571428571544,51.39010226630351,22.2222222222222,150.0
gl_compatibility,candidate,120cap-1.5-diagonal,True,3,0.07357311248780007,0.10054016113280984,0.07222219556570057,0.07254421710967995,0.09028720855713024,0.0217114090919495,0.9500001892447474,4.86210918426514,0.0,50.0,50.16806301108714,22.2222222222222,150.0
forward_plus,baseline,30cap-0.65-straight,False,0,0,0.01855587959289995,0.0611110962927342,0.06215214729308993,0.07876086235046031,0.0430798530578613,0.9597294004634022,4.50703096389771,0.0,30.00000000000003,30.011104108520154,33.3333333333333,145.861666666667
forward_plus,baseline,30cap-0.65-diagonal,True,3,0.0727238655090301,0.14379191398619984,0.07222217321395896,0.07194042205810014,0.08449673652647993,0.0384060740470886,0.950000248849392,4.86210918426514,0.0,30.00000000000003,30.023718737802863,33.3333333333333,149.545666666667
forward_plus,baseline,30cap-1.5-straight,False,0,0,0.01889014244078968,0.0611110962927342,0.06215214729308993,0.07876086235046031,0.0430798530578613,0.9597294004634022,4.50703096389771,0.0,30.00000000000003,30.012004801920767,33.3333333333333,150.0
forward_plus,baseline,30cap-1.5-diagonal,True,3,0.07272410392761008,0.14379668235778986,0.07222217321395896,0.07194042205810014,0.08449673652647993,0.0384060740470886,0.950000248849392,4.86210918426514,0.0,30.00000000000003,30.050785828049403,33.3333333333333,150.0
forward_plus,baseline,60cap-0.65-straight,False,0,0,0.01883864402770996,0.0611110962927342,0.06078946590423984,0.07853293418884011,0.0430798530578613,0.9597294004634022,4.4384765625,0.0,45.574696928265425,45.81481651165988,25.0,146.15
forward_plus,baseline,60cap-0.65-diagonal,True,3,0.0730097293853702,0.10324358940123979,0.07222217321395896,0.07163429260253995,0.08449673652647993,0.0384060740470886,0.950000248849392,4.86210918426514,0.0,47.14285714285717,48.188126445643796,24.074074074074097,143.52066666666698
forward_plus,baseline,60cap-1.5-straight,False,0,0,0.01883864402770996,0.0611110962927342,0.06225800514221014,0.07804012298583984,0.0430798530578613,0.9597294004634022,4.4384765625,0.0,43.86584848735928,43.76654922642624,25.9,143.36599999999999
forward_plus,baseline,60cap-1.5-diagonal,True,3,0.07352399826049982,0.10919380187988015,0.07222217321395896,0.07192707061767001,0.08523035049437988,0.0384060740470886,0.950000248849392,4.86210918426514,0.0,42.85714285714292,42.78623994523361,27.7777777777778,143.557
forward_plus,baseline,120cap-0.65-straight,False,0,0,0.018863677978510296,0.0611110962927342,0.06137967109679998,0.07876086235046031,0.0430798530578613,0.9593865480273965,4.50703096389771,0.0,41.25000000000007,41.45936981757877,27.7777777777778,145.75433333333302
forward_plus,baseline,120cap-0.65-diagonal,True,3,0.07350277900695978,0.10016393661498935,0.07222219556570057,0.07304251194,0.09078598022461026,0.0102550983428955,0.9500001892447475,4.86210918426514,0.0,42.85714285714292,43.15739501963662,26.6666666666667,150.0
forward_plus,baseline,120cap-1.5-straight,False,0,0,0.01889014244078968,0.0611110962927342,0.06137967109679998,0.07853293418884011,0.0430798530578613,0.9593865480273965,4.50703096389771,0.0,42.35294117647061,42.86142900004286,25.842,145.58133333333302
forward_plus,baseline,120cap-1.5-diagonal,True,3,0.07336235046386985,0.0901269912719802,0.07222217321395896,0.07194042205810014,0.08449673652647993,0.0384060740470886,0.950000248849392,4.86210918426514,0.0,45.00000000000004,45.943214187264545,25.0,146.93766666666698
forward_plus,candidate,30cap-0.65-straight,True,3,0.07326030731200994,0.13683319091797008,0.0611110962927342,0.06180524826049982,0.07786273956299006,0.0430798530578613,0.9500001892447468,4.50703096389771,0.0,30.00000000000003,30.004800768122898,33.3333333333333,142.405333333333
forward_plus,candidate,30cap-0.65-diagonal,True,3,0.0733170509338299,0.10054016113280984,0.07222219556570057,0.07289302349090998,0.09063625335693004,0.0217114090919495,0.9500001892447474,4.86210918426514,0.0,30.00000000000003,29.98500749625187,33.3333333333333,148.639666666667
forward_plus,candidate,30cap-1.5-straight,True,3,0.07326054573058993,0.13683843612671032,0.0611110962927342,0.06191825866698997,0.07799553871153986,0.0430798530578613,0.9500002488493915,4.50703096389771,0.0,30.00000000000003,30.04311186552703,33.3336666666667,144.70066666666702
forward_plus,candidate,30cap-1.5-diagonal,True,3,0.0733170509338299,0.10054016113280984,0.07222219556570057,0.07289302349090998,0.09063625335693004,0.0217114090919495,0.9500001892447474,4.86210918426514,0.0,30.00000000000003,30.048076923076923,33.3333333333333,149.887666666667
forward_plus,candidate,60cap-0.65-straight,True,3,0.07314515113830966,0.12253379821776988,0.0611110962927342,0.06142187118530007,0.07900667190551003,0.0430798530578613,0.9500002488493915,4.50703096389771,0.0,46.66666666666672,47.250047250047245,23.8095238095238,150.0
forward_plus,candidate,60cap-0.65-diagonal,True,3,0.0735781192779501,0.09975528717041016,0.07222219556570057,0.07254421710967995,0.09028720855713024,0.0217114090919495,0.9500001892447474,4.86210918426514,0.0,47.14285714285717,47.02231208708532,27.0559999999997,143.007
forward_plus,candidate,60cap-1.5-straight,True,3,0.07325100898742987,0.12253379821776988,0.0611110962927342,0.06155776977539018,0.07862448692320978,0.0430798530578613,0.9500002488493915,4.50703096389771,0.0,42.03623523477237,41.924326590504144,26.951,149.372
forward_plus,candidate,60cap-1.5-diagonal,True,3,0.07354044914246005,0.10453653335572,0.07222219556570057,0.07289302349090998,0.09063625335693004,0.0217114090919495,0.9500001892447474,4.86210918426514,0.0,42.82166205144312,43.044077134986225,26.723,150.0
forward_plus,candidate,120cap-0.65-straight,True,3,0.07316064834594993,0.12253379821776988,0.0611110962927342,0.061568021774290216,0.07900667190551003,0.0430798530578613,0.9500002488493915,4.43671846389771,0.0,46.47560030983726,47.40459824602987,24.3100000000003,142.438333333333
forward_plus,candidate,120cap-0.65-diagonal,True,3,0.07268071174622026,0.10054016113280984,0.07222219556570057,0.07254421710967995,0.09028720855713024,0.0217114090919495,0.9500001892447474,4.86210918426514,0.0,42.85714285714292,42.55138079230671,27.7777777777778,146.24
forward_plus,candidate,120cap-1.5-straight,True,3,0.07246208190918013,0.12253379821776988,0.0611110962927342,0.06191825866698997,0.07900667190551003,0.0430798530578613,0.9500002488493915,4.50703096389771,0.0,37.49999999999995,37.257824143070046,31.482000000000003,150.0
forward_plus,candidate,120cap-1.5-diagonal,True,3,0.07306909561157005,0.1039967536926305,0.07222219556570057,0.07247209548949995,0.09021520614624023,0.0217114090919495,0.9500001892447474,4.86210918426514,0.0,37.894736842105246,37.88022273570969,30.572,150.0
