scope,renderer,version,view,frame_ms_p50,frame_ms_p95,render_cpu_ms_p50,render_cpu_ms_p95,render_gpu_ms_p50,render_gpu_ms_p95,measured_frames,draw_calls,primitives
material fixture,gl,before,forest_day_12m,852.82,970.603,872.568969726562,1268.61999511719,871.763000488281,1276.20104980469,16,20,486948
material fixture,gl,after,forest_day_12m,656.893,932.121,630.343017578125,878.585998535156,633.294982910156,866.359008789062,16,20,486948
material fixture,gl,before,forest_day_45m,206.565,407.745,188.957000732422,370.390991210938,188.171997070312,372.766998291016,16,18,88680
material fixture,gl,after,forest_day_45m,191.793,259.855,192.298004150391,252.666000366211,194.791000366211,253.203994750977,16,18,88680
material fixture,gl,before,forest_day_110m,100.731,123.044,88.4029998779297,1204.3310546875,85.5,1204.90795898438,16,14,22800
material fixture,gl,after,forest_day_110m,87.65,116.565,65.7779998779297,890.317993164062,67.6640014648438,888.955017089844,16,14,22800
material fixture,gl,before,forest_night_12m,573.12,871.532,610.203979492188,850.68798828125,610.138977050781,854.044006347656,16,20,486948
material fixture,gl,after,forest_night_12m,570.523,706.935,560.445007324219,680.901000976562,560.372985839844,682.965026855469,16,20,486948
material fixture,gl,before,forest_night_45m,203.311,264.422,165.287994384766,232.380004882812,164.677001953125,235.171005249023,16,20,88680
material fixture,gl,after,forest_night_45m,173.844,223.89,176.783996582031,618.208984375,177.27799987793,616.5009765625,16,20,88680
material fixture,gl,before,forest_night_110m,101.332,134.957,79.9550018310547,103.120002746582,80.1380004882812,102.98999786377,16,17,22800
material fixture,gl,after,forest_night_110m,107.75,118.823,82.1320037841797,103.656997680664,82.234001159668,103.944000244141,16,17,22800
material fixture,gl,before,stone_day_12m,124.397,177.443,110.468002319336,180.712997436523,111.863998413086,184.287002563477,16,10,16248
material fixture,gl,after,stone_day_12m,154.97,175.305,126.453002929688,156.419006347656,126.442001342773,157.007995605469,16,10,16248
material fixture,gl,before,stone_day_45m,104.235,136.516,85.322998046875,105.026000976562,88.7590026855469,107.848999023438,16,9,4350
material fixture,gl,after,stone_day_45m,100.868,167.215,79.3010025024414,146.279006958008,82.4980010986328,146.356994628906,16,9,4350
material fixture,gl,before,stone_day_110m,102.255,148.258,67.2350006103516,99.4919967651367,72.4160003662109,105.487998962402,16,8,1020
material fixture,gl,after,stone_day_110m,114.951,148.007,88.4229965209961,225.910995483398,90.5790023803711,226.968994140625,16,8,1020
material fixture,gl,before,stone_night_12m,158.957,299.289,105.555000305176,277.256988525391,107.369003295898,277.877014160156,16,10,16248
material fixture,gl,after,stone_night_12m,150.758,283.79,122.672996520996,150.442001342773,116.424003601074,150.218002319336,16,10,16248
material fixture,gl,before,stone_night_45m,137.486,163.136,99.3280029296875,144.531005859375,98.943000793457,157.694000244141,16,10,4350
material fixture,gl,after,stone_night_45m,127.222,168.006,118.249000549316,141.35400390625,117.462997436523,141.436004638672,16,10,4350
material fixture,gl,before,stone_night_110m,93.728,131.282,71.3140029907227,100.641998291016,71.9140014648438,97.588996887207,16,9,1020
material fixture,gl,after,stone_night_110m,81.097,129.362,73.0289993286133,96.5500030517578,67.3789978027344,96.4769973754883,16,9,1020
material fixture,gl,before,ground_day_12m,155.009,200.404,135.123992919922,260.566986083984,133.287994384766,262.503997802734,16,82,13934
material fixture,gl,after,ground_day_12m,181.118,292.627,163.453002929688,276.734985351562,162.384002685547,274.915008544922,16,82,13934
material fixture,gl,before,ground_day_45m,167.484,201.061,157.800994873047,216.354995727539,159.110000610352,203.389007568359,16,83,15394
material fixture,gl,after,ground_day_45m,199.834,257.985,167.660003662109,192.589004516602,168.011993408203,190.832992553711,16,83,15394
material fixture,gl,before,ground_day_110m,179.926,268.136,167.026992797852,210.25,169.985992431641,220.90299987793,16,77,19700
material fixture,gl,after,ground_day_110m,153.882,180.704,143.251007080078,168.335998535156,143.942001342773,167.947998046875,16,77,19700
material fixture,gl,before,ground_night_12m,98.726,143.036,82.5790023803711,256.700012207031,82.4980010986328,256.777008056641,16,59,13934
material fixture,gl,after,ground_night_12m,76.602,144.467,69.1279983520508,130.983001708984,68.3450012207031,93.4029998779297,16,59,13934
material fixture,gl,before,ground_night_45m,84.533,115.435,73.1880035400391,99.9280014038086,73.8730010986328,94.181999206543,16,68,15394
material fixture,gl,after,ground_night_45m,91.927,130.093,75.4919967651367,151.998992919922,76.2799987792969,151.953002929688,16,68,15394
material fixture,gl,before,ground_night_110m,91.702,155.446,68.5619964599609,117.985000610352,68.4469985961914,112.28099822998,16,85,19700
material fixture,gl,after,ground_night_110m,74.36,95.608,71.1989974975586,99.6259994506836,71.1880035400391,100.407997131348,16,85,19700
settled campaign,gl,before,day-route-0-0m,3055.516,5839.051,2987.83911132812,3566.50390625,2988.72705078125,3562.61303710938,12,868,2012836
settled campaign,gl,after,day-route-0-0m,2484.362,3502.823,2063.97192382812,2669.5048828125,2062.89990234375,2663.79296875,12,868,2057682
settled campaign,gl,before,day-side-200m,1385.467,6632.166,1568.76000976562,5956.77197265625,1182.82397460938,2312.80004882812,12,584,1782946
settled campaign,gl,after,day-side-200m,2300.968,2932.656,1694.61096191406,2394.94506835938,1696.94396972656,2402.07592773438,12,584,1782946
settled campaign,gl,before,day-route-1-20m,1931.62,3447.417,1908.93103027344,2685.86694335938,1902.97998046875,2577.19409179688,12,772,1703504
settled campaign,gl,after,day-route-1-20m,2627.347,6298.281,2696.3349609375,3328.77905273438,2676.73803710938,3316.90698242188,12,772,1744550
settled campaign,gl,before,day-route-2-100m,1263.842,3767.989,1008.98901367188,1126.34301757812,1009.20501708984,1137.55200195312,12,593,879152
settled campaign,gl,after,day-route-2-100m,709.035,1318.595,692.35498046875,762.950988769531,688.052001953125,766.609985351562,12,593,879152
settled campaign,gl,before,day-route-3-200m,728.989,1726.421,581.239013671875,1071.12097167969,554.742004394531,799.924011230469,12,481,842808
settled campaign,gl,after,day-route-3-200m,531.622,1249.428,572.564025878906,682.880004882812,591.817016601562,692.10498046875,12,481,842808
settled campaign,gl,before,day-route-4-100m,1993.932,10071.674,1255.27795410156,2109.80200195312,1254.73901367188,1636.02502441406,12,599,881788
settled campaign,gl,after,day-route-4-100m,855.302,1637.871,794.85498046875,911.150024414062,790.081970214844,910.422973632812,12,599,881788
settled campaign,gl,before,day-route-5-20m,4287.287,24149.345,2377.26611328125,5510.666015625,2324.96899414062,3070.72192382812,12,849,1726152
settled campaign,gl,after,day-route-5-20m,1566.381,4216.135,1712.50305175781,2165.86206054688,1712.80004882812,2176.05810546875,12,849,1767198
settled campaign,gl,before,day-route-6-0m,3250.139,9760.337,2374.248046875,3683.54296875,2159.65087890625,3617.65209960938,12,900,2025778
settled campaign,gl,after,day-route-6-0m,2106.69,4427.524,2308.49096679688,2686.98510742188,2301.69409179688,2677.333984375,12,900,2070624
settled campaign,gl,before,night-route-0-0m,2819.324,4758.31,2333.0859375,2777.43310546875,2123.32006835938,2614.43798828125,12,794,2025778
settled campaign,gl,after,night-route-0-0m,1389.767,2858.331,1587.85705566406,1892.48901367188,1595.63195800781,1893.75903320312,12,794,2070624
settled campaign,gl,before,night-side-200m,2353.146,4901.613,2312.06689453125,2557.90795898438,2314.69604492188,2564.9189453125,12,619,1788316
settled campaign,gl,after,night-side-200m,1111.541,1852.92,910.304992675781,1093.93005371094,916.151000976562,1096.01599121094,12,619,1788316
settled campaign,gl,before,night-route-1-20m,1698.193,4394.16,1792.40100097656,2241.748046875,1795.97204589844,2232.77001953125,12,695,1715572
settled campaign,gl,after,night-route-1-20m,1750.81,2324.857,1480.01794433594,1871.17199707031,1480.32202148438,1870.91003417969,12,695,1756618
settled campaign,gl,before,night-route-2-100m,531.758,1188.865,500.819000244141,648.797973632812,500.282012939453,650.138000488281,12,490,879152
settled campaign,gl,after,night-route-2-100m,485.247,817.124,470.880004882812,758.372985839844,471.148010253906,760.1669921875,12,490,879152
settled campaign,gl,before,night-route-3-200m,470.363,1016.984,542.663024902344,736.622985839844,544.7509765625,738.935974121094,12,427,842808
settled campaign,gl,after,night-route-3-200m,593.759,1005.934,565.171020507812,765.807983398438,564.008972167969,767.078002929688,12,427,842808
settled campaign,gl,before,night-route-4-100m,627.831,1552.753,713.848022460938,811.177001953125,715.140991210938,811.596008300781,12,496,881788
settled campaign,gl,after,night-route-4-100m,570.035,1142.512,584.122985839844,827.424011230469,585.64599609375,828.93701171875,12,496,881788
settled campaign,gl,before,night-route-5-20m,8539.49,55362.805,2159.65893554688,3167.42309570312,2088.89794921875,2533.02392578125,12,744,1726152
settled campaign,gl,after,night-route-5-20m,1302.675,2393.939,1277.99401855469,1891.51293945312,1283.18298339844,1894.5810546875,12,744,1767198
settled campaign,gl,before,night-route-6-0m,2535.001,8835.007,2174.5458984375,3024.59106445312,1949.73400878906,2998.93701171875,12,794,2025778
settled campaign,gl,after,night-route-6-0m,2166.263,3108.689,1834.77795410156,2617.02001953125,1837.77697753906,2615.95092773438,12,794,2070624
material fixture,forward,before,forest_day_12m,1726.01,8639.197,94.7269973754883,12554.119140625,1333.26904296875,1926.79895019531,16,4,486948
material fixture,forward,after,forest_day_12m,1768.122,2501.796,0.421000003814697,0.458999991416931,1587.81799316406,2487.54907226562,16,4,486948
material fixture,forward,before,forest_day_45m,390.397,538.115,0.456999987363815,1.85500001907349,381.549011230469,496.040008544922,16,4,88680
material fixture,forward,after,forest_day_45m,398.844,577.592,0.40200001001358,2.16899991035461,375.282989501953,534.877014160156,16,4,88680
material fixture,forward,before,forest_day_110m,334.474,417.14,0.40200001001358,1.56200003623962,297.545989990234,399.64599609375,16,4,22800
material fixture,forward,after,forest_day_110m,264.342,340.237,0.388000011444092,0.579999983310699,248.074996948242,314.730010986328,16,4,22800
material fixture,forward,before,forest_night_12m,658.879,843.113,0.421000003814697,2.78200006484985,656.577026367188,879.317016601562,16,4,486948
material fixture,forward,after,forest_night_12m,640.269,879.221,0.356000006198883,3.46900010108948,663.723999023438,862.6240234375,16,4,486948
material fixture,forward,before,forest_night_45m,239.838,385.63,0.372999995946884,0.629999995231628,230.912994384766,358.153015136719,16,4,88680
material fixture,forward,after,forest_night_45m,241.973,428.689,0.382999986410141,0.976000010967255,219.664001464844,378.696990966797,16,4,88680
material fixture,forward,before,forest_night_110m,139.148,167.951,0.319999992847443,0.428999990224838,124.811996459961,142.041000366211,16,4,22800
material fixture,forward,after,forest_night_110m,138.603,271.142,0.331999987363815,0.444999992847443,130.669998168945,259.579986572266,16,4,22800
material fixture,forward,before,stone_day_12m,113.851,438.168,0.321999996900558,1.90600001811981,106.290000915527,428.071014404297,16,2,16248
material fixture,forward,after,stone_day_12m,110.501,128.426,0.349999994039536,0.437999993562698,99.4229965209961,124.186996459961,16,2,16248
material fixture,forward,before,stone_day_45m,102.757,202.871,0.393999993801117,5.02099990844727,93.5999984741211,133.660003662109,16,2,4350
material fixture,forward,after,stone_day_45m,121.621,211.834,0.31700000166893,0.437000006437302,114.622001647949,204.091995239258,16,2,4350
material fixture,forward,before,stone_day_110m,122.432,156.519,0.370999991893768,1.01900005340576,113.753997802734,142.582000732422,16,2,1020
material fixture,forward,after,stone_day_110m,181.321,218.685,0.342000007629395,1.05099999904633,157.643005371094,200.076995849609,16,2,1020
material fixture,forward,before,stone_night_12m,220.27,314.518,0.372999995946884,0.476000010967255,199.914001464844,305.299011230469,16,2,16248
material fixture,forward,after,stone_night_12m,249.322,370.43,0.402999997138977,3.05399990081787,223.552993774414,355.860992431641,16,2,16248
material fixture,forward,before,stone_night_45m,196.256,326.327,0.382999986410141,1.11000001430511,178.662994384766,266.705993652344,16,2,4350
material fixture,forward,after,stone_night_45m,257.385,312.892,0.358999997377396,1.31700003147125,232.022994995117,297.678985595703,16,2,4350
material fixture,forward,before,stone_night_110m,227.957,280.605,0.41100001335144,1.60800004005432,207.753005981445,252.307006835938,16,2,1020
material fixture,forward,after,stone_night_110m,223.521,270.794,0.398999989032745,0.453000009059906,206.070999145508,247.197998046875,16,2,1020
material fixture,forward,before,ground_day_12m,241.313,308.538,0.389999985694885,3.02099990844727,233.679992675781,284.722991943359,16,16,13934
material fixture,forward,after,ground_day_12m,248.236,383.337,0.442999988794327,0.607999980449677,231.082992553711,367.634002685547,16,16,13934
material fixture,forward,before,ground_day_45m,275.073,343.62,0.381999999284744,6.71299982070923,249.417007446289,313.180999755859,16,18,15394
material fixture,forward,after,ground_day_45m,232.834,270.416,0.35699999332428,0.861999988555908,209.007995605469,252.251998901367,16,18,15394
material fixture,forward,before,ground_day_110m,264.694,290.972,0.412999987602234,0.839999973773956,228.856994628906,266.696014404297,16,23,19700
material fixture,forward,after,ground_day_110m,239.208,278.491,0.388000011444092,2.00999999046326,212.537002563477,269.587005615234,16,23,19700
material fixture,forward,before,ground_night_12m,248.554,325.346,0.382999986410141,1.02699995040894,227.042999267578,309.700012207031,16,16,13934
material fixture,forward,after,ground_night_12m,280.079,411.34,0.444999992847443,1.5460000038147,253.113006591797,394.096008300781,16,16,13934
material fixture,forward,before,ground_night_45m,291.565,499.846,0.41499999165535,1.70500004291534,258.566009521484,450.188995361328,16,18,15394
material fixture,forward,after,ground_night_45m,248.565,282.145,0.444000005722046,3.72699999809265,228.145004272461,264.467987060547,16,18,15394
material fixture,forward,before,ground_night_110m,241.082,349.733,0.439000010490417,1.16700005531311,208.52099609375,326.147003173828,16,23,19700
material fixture,forward,after,ground_night_110m,221.19,319.225,0.377999991178513,8.83100032806396,203.238006591797,311.308013916016,16,23,19700
settled campaign,forward,before,day-route-0-0m,1068.87,2152.485,1.2610000371933,1.63699996471405,1057.9189453125,1186.75305175781,12,321,2012432
settled campaign,forward,after,day-route-0-0m,1172.582,2120.295,1.60500001907349,2.99900007247925,1097.65905761719,1241.02697753906,12,321,2013948
settled campaign,forward,before,day-side-200m,881.231,1677.537,1.27400004863739,21.6429996490479,829.398010253906,918.349975585938,12,242,1841270
settled campaign,forward,after,day-side-200m,853.02,1566.901,1.16199994087219,1.4210000038147,863.193969726562,1063.73095703125,12,242,1838666
settled campaign,forward,before,day-route-1-20m,986.398,2369.799,1.41600000858307,1.59399998188019,990.630004882812,1307.68103027344,12,295,1703504
settled campaign,forward,after,day-route-1-20m,969.383,1906.777,1.41199994087219,6.51900005340576,939.93701171875,1062.5400390625,12,295,1703504
settled campaign,forward,before,day-route-2-100m,549.703,1180.644,1.43299996852875,2.66700005531311,559.210021972656,689.197021484375,12,252,879152
settled campaign,forward,after,day-route-2-100m,479.002,835.834,1.13399994373322,3.09100008010864,427.615997314453,472.385986328125,12,252,879152
settled campaign,forward,before,day-route-3-200m,533.004,815.635,0.972000002861023,1.17700004577637,511.22900390625,562.718994140625,12,238,842808
settled campaign,forward,after,day-route-3-200m,391.495,764.181,1.17200005054474,2.71000003814697,376.428985595703,476.468994140625,12,238,842808
settled campaign,forward,before,day-route-4-100m,585.898,1209.694,1.39199995994568,4.86899995803833,552.914978027344,652.906982421875,12,255,881788
settled campaign,forward,after,day-route-4-100m,496.782,887.009,1.41499996185303,2.58599996566772,440.869995117188,523.031982421875,12,255,881788
settled campaign,forward,before,day-route-5-20m,1362.475,2952.016,1.91700005531311,3.5699999332428,1393.80798339844,1663.19494628906,12,327,1726152
settled campaign,forward,after,day-route-5-20m,1765.502,3285.108,1.61500000953674,5.19199991226196,1637.01196289062,2701.19995117188,12,327,1726152
settled campaign,forward,before,day-route-6-0m,2141.774,3537.336,2.60500001907349,3.90700006484985,2069.82104492188,2324.36889648438,12,338,2025374
settled campaign,forward,after,day-route-6-0m,2170.803,3907.052,1.75699996948242,3.58400011062622,1984.59802246094,2534.20703125,12,338,2026890
settled campaign,forward,before,night-route-0-0m,1583.133,3233.421,1.85300004482269,17.3770008087158,1563.51000976562,1891.57495117188,12,338,2025374
settled campaign,forward,after,night-route-0-0m,1423.454,4346.635,1.50399994850159,2.30699992179871,1408.65295410156,2336.49389648438,12,338,2026890
settled campaign,forward,before,night-side-200m,1139.071,2405.298,2.18199992179871,6.72300004959106,1126.81298828125,1221.82104492188,12,250,1846640
settled campaign,forward,after,night-side-200m,1362.158,2694.101,1.45799994468689,4.14099979400635,1283.85900878906,1516.68103027344,12,250,1844036
settled campaign,forward,before,night-route-1-20m,1034.526,1773.103,1.71399998664856,5.45499992370605,901.705017089844,1742.1240234375,12,311,1715572
settled campaign,forward,after,night-route-1-20m,1097.324,2012.5,1.52799999713898,3.13700008392334,1001.64501953125,1226.3759765625,12,311,1715572
settled campaign,forward,before,night-route-2-100m,448.798,1133.217,1.30200004577637,3.91300010681152,479.054992675781,762.221008300781,12,252,879152
settled campaign,forward,after,night-route-2-100m,376.771,758.779,1.2960000038147,4.82299995422363,366.7919921875,588.698974609375,12,252,879152
settled campaign,forward,before,night-route-3-200m,291.733,592.408,0.832000017166138,1.03600001335144,270.996002197266,311.169006347656,12,238,842808
settled campaign,forward,after,night-route-3-200m,306.965,668.403,1.00999999046326,2.13100004196167,303.571014404297,377.803009033203,12,238,842808
settled campaign,forward,before,night-route-4-100m,340.864,632.943,1.17799997329712,1.64100003242493,321.550994873047,372.075988769531,12,255,881788
settled campaign,forward,after,night-route-4-100m,292.623,591.922,0.971000015735626,2.45900011062622,287.292999267578,341.734008789062,12,255,881788
settled campaign,forward,before,night-route-5-20m,783.752,1567.61,1.24300003051758,1.71099996566772,773.828979492188,878.789001464844,12,327,1726152
settled campaign,forward,after,night-route-5-20m,836.778,1651.908,1.25999999046326,1.66299998760223,791.239990234375,935.073974609375,12,327,1726152
settled campaign,forward,before,night-route-6-0m,905.492,1945.035,1.28999996185303,2.13299989700317,914.620971679688,1206.72998046875,12,338,2025374
settled campaign,forward,after,night-route-6-0m,1035.101,2219.934,1.58800005912781,3.51099991798401,1011.33801269531,1597.32299804688,12,338,2026890
