renderer,family,phase,distance_m,paired_mean_rgb_difference,before_wall_ms_median,before_cpu_ms_median,before_gpu_ms_median,before_draw_calls,before_primitives,after_wall_ms_median,after_cpu_ms_median,after_gpu_ms_median,after_draw_calls,after_primitives,before_wall_ms_p95,before_cpu_ms_p95,before_gpu_ms_p95,after_wall_ms_p95,after_cpu_ms_p95,after_gpu_ms_p95
gl_compatibility,ancient_oak_v2,day,6.0,0.0,989.3195,980.548980712891,980.2294921875,4361,2161912,1013.4945,1005.85650634766,1005.66101074219,4361,2161912,1066.608,6639.158203125,6635.10595703125,1096.31,1899.78503417969,1899.57897949219
gl_compatibility,ancient_oak_v2,day,30.0,0.0,1056.4315,1022.16500854492,1022.01901245117,4093,2257844,1057.01,1027.53903198242,1027.27450561523,4093,2257844,1138.862,1087.98803710938,1087.78100585938,1271.039,1138.00402832031,1137.89001464844
gl_compatibility,ancient_oak_v2,day,110.0,0.0,951.4065,984.6884765625,984.419494628906,4055,2450564,1030.905,1085.67999267578,1084.38800048828,4055,2450564,1101.45,1208.87194824219,1207.05505371094,1132.963,1132.0810546875,1131.86804199219
gl_compatibility,ancient_oak_v2,night,6.0,0.0,564.9855,576.506500244141,576.343994140625,1272,1817048,517.412,520.79248046875,520.606506347656,1272,1817048,640.49,1019.34997558594,1018.94598388672,531.279,581.651000976562,581.601013183594
gl_compatibility,ancient_oak_v2,night,30.0,0.0,569.555,561.768005371094,561.772521972656,1332,1959572,559.1815,572.486999511719,572.385986328125,1332,1959572,594.813,655.265014648438,654.872985839844,591.428,593.466003417969,593.341979980469
gl_compatibility,ancient_oak_v2,night,110.0,0.0,832.8715,821.653991699219,821.496490478516,4184,2656236,874.51,854.759002685547,854.515502929688,4184,2656236,876.482,881.530029296875,881.431030273438,915.532,876.799011230469,876.581970214844
gl_compatibility,layered_rock_v2,day,6.0,0.0,891.9015,869.667022705078,869.532501220703,2739,2020744,927.6815,899.486511230469,898.175018310547,2739,2020744,928.577,1220.85900878906,1216.22399902344,1009.874,1005.21997070312,1006.45501708984
gl_compatibility,layered_rock_v2,day,30.0,0.0,993.5975,1017.78598022461,1017.66049194336,4191,2354776,1015.382,1026.98999023438,1026.74896240234,4191,2354776,1078.429,1077.56298828125,1077.36804199219,1083.087,1082.15600585938,1082.00305175781
gl_compatibility,layered_rock_v2,day,110.0,0.0,1090.1185,1088.46197509766,1088.26898193359,4084,2883170,1174.737,1066.15301513672,1065.96203613281,4084,2883170,1105.903,1127.48095703125,1127.31103515625,1243.823,1183.69201660156,1183.57202148438
gl_compatibility,layered_rock_v2,night,6.0,0.0,487.5245,490.3544921875,491.468002319336,1010,1802512,469.899,470.167999267578,469.667999267578,1010,1802512,513.058,1240.40795898438,1241.76000976562,479.037,484.670013427734,484.510986328125
gl_compatibility,layered_rock_v2,night,30.0,0.0,622.2565,615.847015380859,615.648498535156,1603,2050804,593.1255,604.965515136719,605.005004882812,1603,2050804,714.891,713.81201171875,713.75,629.633,635.905029296875,635.741027832031
gl_compatibility,layered_rock_v2,night,110.0,0.0,843.7325,839.103485107422,838.972991943359,3661,2691596,837.1285,844.640991210938,843.612487792969,3661,2691596,858.397,865.489013671875,865.328002929688,912.479,871.52197265625,868.473022460938
forward_plus,ancient_oak_v2,day,6.0,0.0,1277.8075,2.56900000572205,1709.58752441406,832,2509464,1362.948,2.48199999332428,1353.07354736328,832,2509464,3118.695,4.02400016784668,3153.4560546875,1400.044,9.33399963378906,1393.78295898438
forward_plus,ancient_oak_v2,day,30.0,0.0,1277.025,2.8125,1290.37152099609,680,2420508,1305.4595,2.58350002765656,1299.00598144531,680,2420508,1400.538,3.03299999237061,1395.28698730469,1372.599,6.93900012969971,1359.35705566406
forward_plus,ancient_oak_v2,day,110.0,0.0,1414.458,3.24200010299683,1406.59600830078,866,2391792,1427.4205,3.39199995994568,1418.33099365234,866,2391792,1513.19,5.78700017929077,1498.51696777344,1802.398,8.65799999237061,1793.44201660156
forward_plus,ancient_oak_v2,night,6.0,0.0,766.591,1.67199999094009,778.057983398438,487,1888728,745.599,1.76350003480911,732.182495117188,487,1888728,815.016,4.23199987411499,810.093017578125,787.088,7.76900005340576,762.877990722656
forward_plus,ancient_oak_v2,night,30.0,0.0,785.3995,1.88150000572205,788.475494384766,559,2107452,788.881,1.77649998664856,790.820983886719,559,2107452,857.1,2.16300010681152,853.367980957031,831.274,2.17700004577637,827.260986328125
forward_plus,ancient_oak_v2,night,110.0,0.0,1019.0795,2.5164999961853,1033.45751953125,907,2495272,1004.548,2.42750000953674,997.476501464844,907,2495272,1109.274,3.51099991798401,1103.25402832031,1024.994,2.80699992179871,1020.97900390625
forward_plus,layered_rock_v2,day,6.0,0.0,1281.363,2.54650008678436,1309.55902099609,487,2095220,1254.3145,2.30599999427795,1248.4794921875,487,2095220,1362.554,3.38000011444092,1397.25805664062,1368.669,3.16700005531311,1363.17504882812
forward_plus,layered_rock_v2,day,30.0,0.0,1442.6095,2.88699996471405,1435.560546875,898,2613412,1401.1615,3.32349991798401,1419.56048583984,898,2613412,1525.687,3.67199993133545,1516.96899414062,1610.856,3.82800006866455,1598.21997070312
forward_plus,layered_rock_v2,day,110.0,0.0,1484.28,2.95449995994568,1449.65155029297,895,2606626,1360.3045,3.05299997329712,1359.29650878906,895,2606626,1614.753,3.27600002288818,1525.15295410156,1492.617,3.77699995040894,1479.14404296875
forward_plus,layered_rock_v2,night,6.0,0.0,645.834,1.37099999189377,658.484497070312,378,1806540,632.172,1.39749997854233,628.24951171875,378,1806540,706.641,1.62899994850159,726.346984863281,674.497,1.79299998283386,659.669006347656
forward_plus,layered_rock_v2,night,30.0,0.0,808.6445,1.86899995803833,806.444000244141,649,2211044,841.2415,2.30900001525879,833.900512695312,649,2211044,827.869,2.15700006484985,850.447021484375,936.597,6.04199981689453,916.028991699219
forward_plus,layered_rock_v2,night,110.0,0.0,1232.173,3.51550006866455,1224.86999511719,979,2817636,1249.277,4.75249981880188,1217.86645507812,979,2817636,1298.888,3.60500001907349,1292.43505859375,1356.752,6.41300010681152,1348.833984375
